"","A","He","Ho","Fis","Dps","Gst"
"A",1,0.85937337827507,0.672706628487718,-0.430614996441782,0.458041834586208,-0.455826216555685
"He",0.85937337827507,1,0.461854981693542,-0.136817060306676,0.185674028551296,-0.163246831633864
"Ho",0.672706628487718,0.461854981693542,1,-0.940738842336699,0.892843100888238,-0.896827826706638
"Fis",-0.430614996441782,-0.136817060306676,-0.940738842336699,1,-0.918679989344814,0.944515798335438
"Dps",0.458041834586208,0.185674028551296,0.892843100888238,-0.918679989344814,1,-0.926493600338857
"Gst",-0.455826216555685,-0.163246831633864,-0.896827826706638,0.944515798335438,-0.926493600338857,1
